insert into authorization.role (id, role_name, remark, create_time, creator_id, creator_name, update_time, updater_id, updater_name, state) values (1, '超级管理员', '超级管理员', '2019-12-04 11:09:27', 1, '超级管理员', '2019-12-09 16:59:37', 1, '超级管理员', 0);
insert into authorization.role (id, role_name, remark, create_time, creator_id, creator_name, update_time, updater_id, updater_name, state) values (2, '普通用户', '普通用户', '2019-12-10 17:28:58', 1, '超级管理员', '2019-12-10 17:29:53', 1, '超级管理员', 0);

insert into authorization.role_manager (id, role_id, manager_id, create_time, creator_id, creator_name, update_time, updater_id, updater_name, state) values (1, 1, 1, '2019-12-16 22:41:25', 1, '超级管理员', '2019-12-16 22:41:25', 1, '超级管理员', 0);

insert into authorization.role_menu (id, role_id, menu_id, create_time, creator_id, creator_name, update_time, updater_id, updater_name, state) values (1, 1, 100, '2019-12-09 16:59:38', 1, '超级管理员', '2019-12-09 16:59:38', 1, '超级管理员', 0);
insert into authorization.role_menu (id, role_id, menu_id, create_time, creator_id, creator_name, update_time, updater_id, updater_name, state) values (2, 1, 101, '2019-12-09 16:59:38', 1, '超级管理员', '2019-12-09 16:59:38', 1, '超级管理员', 0);
insert into authorization.role_menu (id, role_id, menu_id, create_time, creator_id, creator_name, update_time, updater_id, updater_name, state) values (3, 1, 10101, '2019-12-09 16:59:38', 1, '超级管理员', '2019-12-09 16:59:38', 1, '超级管理员', 0);
insert into authorization.role_menu (id, role_id, menu_id, create_time, creator_id, creator_name, update_time, updater_id, updater_name, state) values (4, 1, 10102, '2019-12-09 16:59:38', 1, '超级管理员', '2019-12-09 16:59:38', 1, '超级管理员', 0);
insert into authorization.role_menu (id, role_id, menu_id, create_time, creator_id, creator_name, update_time, updater_id, updater_name, state) values (5, 1, 10103, '2019-12-09 16:59:38', 1, '超级管理员', '2019-12-09 16:59:38', 1, '超级管理员', 0);
insert into authorization.role_menu (id, role_id, menu_id, create_time, creator_id, creator_name, update_time, updater_id, updater_name, state) values (6, 1, 10104, '2019-12-10 17:29:53', 1, '超级管理员', '2019-12-10 17:29:53', 1, '超级管理员', 0);
insert into authorization.role_menu (id, role_id, menu_id, create_time, creator_id, creator_name, update_time, updater_id, updater_name, state) values (7, 1, 102, '2019-12-09 16:59:38', 1, '超级管理员', '2019-12-09 16:59:38', 1, '超级管理员', 0);
insert into authorization.role_menu (id, role_id, menu_id, create_time, creator_id, creator_name, update_time, updater_id, updater_name, state) values (8, 1, 10201, '2019-12-09 16:59:39', 1, '超级管理员', '2019-12-09 16:59:39', 1, '超级管理员', 0);
insert into authorization.role_menu (id, role_id, menu_id, create_time, creator_id, creator_name, update_time, updater_id, updater_name, state) values (9, 1, 10202, '2019-12-10 17:29:53', 1, '超级管理员', '2019-12-10 17:29:53', 1, '超级管理员', 0);
insert into authorization.role_menu (id, role_id, menu_id, create_time, creator_id, creator_name, update_time, updater_id, updater_name, state) values (10, 2, 100, '2019-12-10 17:29:53', 1, '超级管理员', '2019-12-10 17:29:53', 1, '超级管理员', 0);
insert into authorization.role_menu (id, role_id, menu_id, create_time, creator_id, creator_name, update_time, updater_id, updater_name, state) values (11, 2, 102, '2019-12-10 17:29:53', 1, '超级管理员', '2019-12-10 17:29:53', 1, '超级管理员', 0);
insert into authorization.role_menu (id, role_id, menu_id, create_time, creator_id, creator_name, update_time, updater_id, updater_name, state) values (12, 2, 10201, '2019-12-10 17:29:53', 1, '超级管理员', '2019-12-10 17:29:53', 1, '超级管理员', 0);
insert into authorization.role_menu (id, role_id, menu_id, create_time, creator_id, creator_name, update_time, updater_id, updater_name, state) values (13, 2, 10202, '2019-12-10 17:29:53', 1, '超级管理员', '2019-12-10 17:29:53', 1, '超级管理员', 0);

insert into capability.menu (id, menu_name, menu_url, menu_icon, page_name, parent_id, is_turn, is_home, menu_order, remark, create_time, creator_id, creator_name, update_time, updater_id, updater_name, state) values (100, '首页', '/home', 'icon-home', 'Home', null, 1, 1, 100, '首页', '2019-11-29 11:27:59', 1, '超级管理员', '2019-12-16 16:41:56', 1, '超级管理员', 0);
insert into capability.menu (id, menu_name, menu_url, menu_icon, page_name, parent_id, is_turn, is_home, menu_order, remark, create_time, creator_id, creator_name, update_time, updater_id, updater_name, state) values (101, '系统管理', null, 'icon-desktop', null, null, 0, 0, 101, '系统管理操作', '2019-11-29 11:27:59', 1, '超级管理员', '2019-12-16 22:38:03', 1, '超级管理员', 0);
insert into capability.menu (id, menu_name, menu_url, menu_icon, page_name, parent_id, is_turn, is_home, menu_order, remark, create_time, creator_id, creator_name, update_time, updater_id, updater_name, state) values (102, '项目群管理', null, 'icon-project', null, null, 0, 0, 102, '项目群操作', '2019-11-29 11:27:59', 1, '超级管理员', '2019-12-16 22:38:03', 1, '超级管理员', 0);
insert into capability.menu (id, menu_name, menu_url, menu_icon, page_name, parent_id, is_turn, is_home, menu_order, remark, create_time, creator_id, creator_name, update_time, updater_id, updater_name, state) values (10101, '菜单管理', '/menu/manage', 'icon-menu', 'MenuManage', 101, 1, 0, 10101, '菜单操作', '2019-11-29 11:27:59', 1, '超级管理员', '2019-12-02 21:50:17', 1, '超级管理员', 0);
insert into capability.menu (id, menu_name, menu_url, menu_icon, page_name, parent_id, is_turn, is_home, menu_order, remark, create_time, creator_id, creator_name, update_time, updater_id, updater_name, state) values (10102, '角色管理', '/role/manage', 'icon-audit', 'RoleManage', 101, 1, 0, 10102, '角色操作', '2019-11-29 11:27:59', 1, '超级管理员', '2019-11-29 11:28:07', 1, '超级管理员', 0);
insert into capability.menu (id, menu_name, menu_url, menu_icon, page_name, parent_id, is_turn, is_home, menu_order, remark, create_time, creator_id, creator_name, update_time, updater_id, updater_name, state) values (10103, '用户管理', '/manager/manage', 'icon-user', 'ManagerManage', 101, 1, 0, 10103, '用户操作', '2019-11-29 11:27:59', 1, '超级管理员', '2019-11-29 11:28:07', 1, '超级管理员', 0);
insert into capability.menu (id, menu_name, menu_url, menu_icon, page_name, parent_id, is_turn, is_home, menu_order, remark, create_time, creator_id, creator_name, update_time, updater_id, updater_name, state) values (10104, '参数管理', '/parameter/manage', 'icon-wrench', 'ParameterManage', 101, 1, 0, 10104, '参数设置操作', '2019-11-29 11:27:59', 1, '超级管理员', '2019-12-16 16:41:56', 1, '超级管理员', 0);
insert into capability.menu (id, menu_name, menu_url, menu_icon, page_name, parent_id, is_turn, is_home, menu_order, remark, create_time, creator_id, creator_name, update_time, updater_id, updater_name, state) values (10201, '项目群管理', '/group/manage', 'icon-project', 'GroupManage', 102, 1, 0, 10201, '项目群操作', '2019-11-29 11:27:59', 1, '超级管理员', '2019-12-19 17:09:48', 1, '超级管理员', 0);
insert into capability.menu (id, menu_name, menu_url, menu_icon, page_name, parent_id, is_turn, is_home, menu_order, remark, create_time, creator_id, creator_name, update_time, updater_id, updater_name, state) values (10202, '新增项目群', '/group/detail', 'icon-file-add', 'GroupDetail', 102, 1, 0, 10202, '新增项目群操作', '2019-11-29 11:27:59', 1, '超级管理员', '2019-12-16 16:41:56', 1, '超级管理员', 0);

insert into dictionary.parameter (id, parameter_code, parameter_name, parameter_value, parameter_explain, create_time, creator_id, creator_name, update_time, updater_id, updater_name, state) values (1, 'CreateProjectGroupMaxNumber', '创建项目群最大数', '3', '用于限制个人创建项目群最大数量', '2019-12-30 09:20:07', 1, '超级管理员', '2020-01-03 23:25:02', 1, '超级管理员', 0);

insert into member.manager (id, head_img_url, manager_name, age, sex, mobile, mail, account, login_password, last_attempt_login_request_ip, last_attempt_login_time, attempt_login_number, request_ip, current_request_ip, remark, create_time, creator_id, creator_name, update_time, updater_id, updater_name, state) values (1, 'http://127.0.0.1:10000/build/1/user-head-image/11818737611d4bb083153a3d0a1a0e42.jpeg?X-Amz-Algorithm=AWS4-HMAC-SHA256&X-Amz-Credential=fyy%2F20230721%2Fus-east-1%2Fs3%2Faws4_request&X-Amz-Date=20230721T014607Z&X-Amz-Expires=604800&X-Amz-SignedHeaders=host&X-Amz-Signature=8b7803906866d9bee3f0141d590f3244d8505491e1a328c22045c6189b558754', '超级管理员', 77, 0, '13581876056', 'fuyongyuan277@sina.cn', 'admin', 'c4ca4238a0b923820dcc509a6f75849b', '127.0.0.1', '2023-07-21 10:03:30', 0, null, '127.0.0.1', '超级管理员', '2019-10-09 17:23:08', 1, '超级管理员', '2023-07-21 10:03:31', 1, '超级管理员', 0);

insert into message.notice (id, notice_title, notice_content, notice_author, notice_order, create_time, creator_id, creator_name, update_time, updater_id, updater_name, state) values (1, null, null, '超级管理员', 1, '2019-10-09 17:23:08', 1, '超级管理员', '2020-04-30 11:10:06', 1, '超级管理员', 0);

insert into Yearning.core_accounts (id, username, password, department, real_name, email, is_recorder, query_password) values (1, 'admin', 'pbkdf2_sha256$120000$WHEOmQmxbdhr$8pF/AMqINU5hdufGG1cjU5cD2uJR//KjaKP3ddMtGkw=', '哎呋歪歪', '傅永源', '360687243@qq.com', 0, '');
insert into Yearning.core_accounts (id, username, password, department, real_name, email, is_recorder, query_password) values (3, 'fyy', 'pbkdf2_sha256$120000$Up208EY1MCdt$RA1/TiYBjj6BUa0SGL6AiMHIMlNLwIMXWgVJo41+Y8E=', '哎呋歪歪', '傅永源', '360687243@qq.com', 0, '');
insert into Yearning.core_data_sources (id, id_c, source, ip, port, username, password, is_query, flow_id, source_id, exclude_db_list, insulate_word_list, principal, ca_file, cert, key_file) values (1, '本地环境', '哎呋歪歪', 'host.docker.internal', 3306, 'root', 'sAa4LTaWazAAJO7b5KnAUA==', 2, 1, '54045ea2-899e-4c86-8b9b-f3b39383f6b1', '', '', 'fyy', '', '', '');
insert into Yearning.core_global_configurations (id, authorization, ldap, message, other, stmt, audit_role, board) values (1, 'global', '{"sc": "", "map": "", "url": "", "type": "(&(objectClass=organizationalPerson)(sAMAccountName=%s))", "user": "", "ldaps": false, "password": "", "test_user": "", "test_password": ""}', '{"key": "", "ssl": false, "ding": false, "host": "", "mail": false, "port": 25, "user": "", "format": "", "to_user": "", "password": "", "web_hook": "", "push_type": false}', '{"idc": ["Aliyun", "本地环境"], "limit": 1000, "query": true, "export": false, "register": false, "ex_query_time": 60}', 0, '{"IsOSC": false, "OSCExpr": "", "OscSize": 0, "DMLOrder": false, "DMLWhere": true, "DDLMaxKey": 5, "DMLSelect": false, "PRIRollBack": false, "MaxAffectRows": 1000, "DDLMaxKeyParts": 5, "DDLTablePrefix": "", "SupportCharset": "", "AllowCreateView": false, "CheckIdentifier": true, "MaxTableNameLen": 10, "MustHaveColumns": "", "AllowSpecialType": false, "DDLIndexNameSpec": false, "DDLMaxCharLength": 10, "DDLMultiToCommit": false, "DMLInsertColumns": true, "DMLMaxInsertRows": 10, "MaxDDLAffectRows": 0, "SupportCollation": "", "DDLAllowPRINotInt": false, "DDLPrimaryKeyMust": false, "DMLAllowLimitSTMT": false, "DDLAllowColumnType": false, "DDLAllowMultiAlter": false, "DDLEnableDropTable": false, "DMLAllowInsertNull": true, "DDLCheckFloatDouble": true, "DDLEnableForeignKey": false, "DDLEnablePrimaryKey": true, "AllowCreatePartition": false, "DDLCheckTableComment": true, "DDLCheckColumnDefault": false, "DDLEnableDropDatabase": false, "DDlCheckColumnComment": true, "DDLCheckColumnNullable": false, "DDLEnableAutoIncrement": false, "DDLEnableNullIndexName": false, "DDLColumnsMustHaveIndex": "", "DDLEnableAcrossDBRename": false, "DMLInsertMustExplicitly": false, "DDLImplicitTypeConversion": false, "DDLEnableAutoincrementInit": false, "AllowCrateViewWithSelectStar": false, "DDLAllowChangeColumnPosition": false, "DDLEnableAutoincrementUnsigned": false}', '');
insert into Yearning.core_graineds (id, username, `group`) values (1, 'admin', '["546b450a-439e-4512-a9ee-af3e99251127"]');
insert into Yearning.core_graineds (id, username, `group`) values (3, 'fyy', '["e61ed995-9bb2-4c75-afcc-21308682c3e6"]');
insert into Yearning.core_query_orders (id, work_id, username, date, approval_time, text, assigned, real_name, export, source_id, status) values (1, '20230612142828539', 'admin', '2023-06-12 14:28', '2023-06-12 14:28', '当前未开启查询审核,用户可自由查询', 'admin', '超级管理员', 0, '', 3);
insert into Yearning.core_query_orders (id, work_id, username, date, approval_time, text, assigned, real_name, export, source_id, status) values (2, '20230612152416230', 'fyy', '2023-06-12 15:24', '2023-06-12 15:24', '数据源:哎呋歪歪', 'fyy', '傅永源', 0, '54045ea2-899e-4c86-8b9b-f3b39383f6b1', 3);
insert into Yearning.core_query_orders (id, work_id, username, date, approval_time, text, assigned, real_name, export, source_id, status) values (3, '20230628135250851', 'admin', '2023-06-28 13:52', '2023-06-28 13:54', '数据源:哎呋歪歪', 'fyy', '傅永源', 0, '54045ea2-899e-4c86-8b9b-f3b39383f6b1', 3);
insert into Yearning.core_query_orders (id, work_id, username, date, approval_time, text, assigned, real_name, export, source_id, status) values (4, '2023062813534665', 'fyy', '2023-06-28 13:53', '2023-06-28 13:54', '数据源:哎呋歪歪', 'fyy', '傅永源', 0, '54045ea2-899e-4c86-8b9b-f3b39383f6b1', 3);
insert into Yearning.core_query_records (id, work_id, `sql`, ex_time, time, source, `schema`) values (1, '20230612152416230', 'select * from `member`.`manager`', 4, '2023-06-12 15:25', '哎呋歪歪', '');
insert into Yearning.core_query_records (id, work_id, `sql`, ex_time, time, source, `schema`) values (2, '20230612152416230', 'select
  *
from
  manager
where
  id = ''1''', 24, '2023-06-12 15:25', '哎呋歪歪', 'member');
insert into Yearning.core_query_records (id, work_id, `sql`, ex_time, time, source, `schema`) values (3, '2023062813534665', 'SELECT * FROM manager', 11, '2023-06-28 13:55', '哎呋歪歪', 'authorization');
insert into Yearning.core_query_records (id, work_id, `sql`, ex_time, time, source, `schema`) values (4, '2023062813534665', 'SELECT
  *
FROM
  role', 23, '2023-06-28 13:56', '哎呋歪歪', 'authorization');
insert into Yearning.core_role_groups (id, name, permissions, group_id) values (1, 'admin', '{"ddl_source": ["54045ea2-899e-4c86-8b9b-f3b39383f6b1"], "dml_source": ["54045ea2-899e-4c86-8b9b-f3b39383f6b1"], "query_source": ["54045ea2-899e-4c86-8b9b-f3b39383f6b1"]}', '546b450a-439e-4512-a9ee-af3e99251127');
insert into Yearning.core_role_groups (id, name, permissions, group_id) values (2, 'fyy', '{"ddl_source": ["54045ea2-899e-4c86-8b9b-f3b39383f6b1"], "dml_source": ["54045ea2-899e-4c86-8b9b-f3b39383f6b1"], "query_source": ["54045ea2-899e-4c86-8b9b-f3b39383f6b1"]}', 'e61ed995-9bb2-4c75-afcc-21308682c3e6');
insert into Yearning.core_workflow_tpls (id, source, steps) values (1, '哎呋歪歪内部审核流程', '[{"desc": "提交阶段", "type": -1, "auditor": ["提交人"]}, {"desc": "SQL提交", "type": 0, "auditor": ["fyy"]}, {"desc": "SQL执行", "type": 1, "auditor": ["admin"]}]');


